"Exp","Site","Hole","Core","Type","Sect","A/W","Offset (cm)","Depth CSF-A (m)","Depth CSF-B (m)","P-wave velocity xy (m/s)","Caliper separation (mm)","Sonic traveltime (Âµs)","Timestamp (UTC)","Instrument","Instrument group","Text ID","Test No.","Sample comments","Test comments","Result comments"
"375","U1519","C","2","R","1","","","","","","","","2018-04-18 22:30:25","","WRMSL","SECT9478881","111168571","","",""
"375","U1519","C","2","R","2","","","","","","","","2018-04-18 22:32:36","","WRMSL","SECT9478911","111168591","","",""
"375","U1519","C","2","R","3","","","","","","","","2018-04-18 22:47:03","","WRMSL","SECT9478941","111168641","","",""
"375","U1519","C","3","R","1","","","","","","","","2018-04-18 23:36:26","","WRMSL","SECT9479081","111168741","","",""
"375","U1519","C","4","R","1","","","","","","","","2018-04-19 00:33:00","","WRMSL","SECT9479201","111168861","","",""
"375","U1519","C","4","R","2","","","","","","","","2018-04-19 00:39:27","","WRMSL","SECT9479231","111168891","","",""
"375","U1519","C","4","R","3","","","","","","","","2018-04-19 00:44:55","","WRMSL","SECT9479261","111168931","","",""
"375","U1519","C","4","R","4","","","","","","","","2018-04-19 00:50:25","","WRMSL","SECT9479291","111168981","","",""
"375","U1519","C","5","R","1","","","","","","","","2018-04-19 01:19:00","","WRMSL","SECT9479601","111169121","","",""
"375","U1519","C","9","R","1","","","","","","","","2018-04-19 07:44:46","","WRMSL","SECT9480351","111174561","","",""
"375","U1519","C","9","R","2","","","","","","","","2018-04-19 08:05:20","","WRMSL","SECT9480381","111174701","","",""
"375","U1519","C","9","R","3","","","","","","","","2018-04-19 08:12:24","","WRMSL","SECT9480411","111174741","","",""
"375","U1519","C","9","R","4","","","","","","","","2018-04-19 08:14:26","","WRMSL","SECT9480441","111174761","","",""
"375","U1519","C","9","R","5","","","","","","","","2018-04-19 08:30:10","","WRMSL","SECT9480471","111174821","","",""
"375","U1519","D","1","H","1","","6.0","0.060","0.059","1550","6.66","59.85","2018-04-21 12:27:19","NI-5133-002034","WRMSL","SECT9497171","111226911","","",""
"375","U1519","D","1","H","1","","8.0","0.080","0.079","1482","6.40","60.10","2018-04-21 12:27:19","NI-5133-002034","WRMSL","SECT9497171","111226911","","",""
"375","U1519","D","1","H","1","","10.0","0.100","0.099","1483","6.40","60.01","2018-04-21 12:27:19","NI-5133-002034","WRMSL","SECT9497171","111226911","","",""
"375","U1519","D","1","H","1","","12.0","0.120","0.118","1480","6.40","60.12","2018-04-21 12:27:19","NI-5133-002034","WRMSL","SECT9497171","111226911","","",""
"375","U1519","D","1","H","1","","14.0","0.140","0.138","1480","6.40","60.10","2018-04-21 12:27:19","NI-5133-002034","WRMSL","SECT9497171","111226911","","",""
"375","U1519","D","1","H","1","","16.0","0.160","0.158","1483","6.40","60.00","2018-04-21 12:27:19","NI-5133-002034","WRMSL","SECT9497171","111226911","","",""
"375","U1519","D","1","H","1","","18.0","0.180","0.178","1480","6.40","60.10","2018-04-21 12:27:19","NI-5133-002034","WRMSL","SECT9497171","111226911","","",""
"375","U1519","D","1","H","1","","20.0","0.200","0.197","1480","6.40","60.11","2018-04-21 12:27:19","NI-5133-002034","WRMSL","SECT9497171","111226911","","",""
"375","U1519","D","1","H","1","","22.0","0.220","0.217","1482","6.40","60.05","2018-04-21 12:27:19","NI-5133-002034","WRMSL","SECT9497171","111226911","","",""
"375","U1519","D","1","H","1","","24.0","0.240","0.237","1482","6.40","60.02","2018-04-21 12:27:19","NI-5133-002034","WRMSL","SECT9497171","111226911","","",""
"375","U1519","D","1","H","1","","26.0","0.260","0.256","1479","6.39","60.12","2018-04-21 12:27:19","NI-5133-002034","WRMSL","SECT9497171","111226911","","",""
"375","U1519","D","1","H","1","","28.0","0.280","0.276","1479","6.39","60.11","2018-04-21 12:27:19","NI-5133-002034","WRMSL","SECT9497171","111226911","","",""
"375","U1519","D","1","H","1","","30.0","0.300","0.296","1481","6.39","60.04","2018-04-21 12:27:19","NI-5133-002034","WRMSL","SECT9497171","111226911","","",""
"375","U1519","D","1","H","1","","32.0","0.320","0.316","1481","6.39","60.04","2018-04-21 12:27:19","NI-5133-002034","WRMSL","SECT9497171","111226911","","",""
"375","U1519","D","1","H","1","","34.0","0.340","0.335","1479","6.39","60.10","2018-04-21 12:27:19","NI-5133-002034","WRMSL","SECT9497171","111226911","","",""
"375","U1519","D","1","H","1","","36.0","0.360","0.355","1479","6.40","60.12","2018-04-21 12:27:19","NI-5133-002034","WRMSL","SECT9497171","111226911","","",""
"375","U1519","D","1","H","1","","38.0","0.380","0.375","1482","6.40","60.05","2018-04-21 12:27:19","NI-5133-002034","WRMSL","SECT9497171","111226911","","",""
"375","U1519","D","1","H","1","","40.0","0.400","0.394","1481","6.39","60.05","2018-04-21 12:27:19","NI-5133-002034","WRMSL","SECT9497171","111226911","","",""
"375","U1519","D","1","H","1","","42.0","0.420","0.414","1481","6.39","60.06","2018-04-21 12:27:19","NI-5133-002034","WRMSL","SECT9497171","111226911","","",""
"375","U1519","D","1","H","1","","44.0","0.440","0.434","1482","6.39","60.03","2018-04-21 12:27:19","NI-5133-002034","WRMSL","SECT9497171","111226911","","",""
"375","U1519","D","1","H","1","","46.0","0.460","0.454","1481","6.39","60.04","2018-04-21 12:27:19","NI-5133-002034","WRMSL","SECT9497171","111226911","","",""
"375","U1519","D","1","H","1","","48.0","0.480","0.473","1483","6.39","60.00","2018-04-21 12:27:19","NI-5133-002034","WRMSL","SECT9497171","111226911","","",""
"375","U1519","D","1","H","1","","50.0","0.500","0.493","1485","6.40","59.94","2018-04-21 12:27:19","NI-5133-002034","WRMSL","SECT9497171","111226911","","",""
"375","U1519","D","1","H","1","","52.0","0.520","0.513","1484","6.40","59.99","2018-04-21 12:27:19","NI-5133-002034","WRMSL","SECT9497171","111226911","","",""
"375","U1519","D","1","H","1","","54.0","0.540","0.533","1494","6.40","59.68","2018-04-21 12:27:19","NI-5133-002034","WRMSL","SECT9497171","111226911","","",""
"375","U1519","D","1","H","1","","56.0","0.560","0.552","1495","6.40","59.67","2018-04-21 12:27:19","NI-5133-002034","WRMSL","SECT9497171","111226911","","",""
"375","U1519","D","1","H","1","","58.0","0.580","0.572","1492","6.40","59.74","2018-04-21 12:27:19","NI-5133-002034","WRMSL","SECT9497171","111226911","","",""
"375","U1519","D","1","H","1","","60.0","0.600","0.592","1490","6.40","59.80","2018-04-21 12:27:19","NI-5133-002034","WRMSL","SECT9497171","111226911","","",""
"375","U1519","D","1","H","1","","62.0","0.620","0.611","1498","6.40","59.58","2018-04-21 12:27:19","NI-5133-002034","WRMSL","SECT9497171","111226911","","",""
"375","U1519","D","1","H","1","","64.0","0.640","0.631","1507","6.40","59.34","2018-04-21 12:27:19","NI-5133-002034","WRMSL","SECT9497171","111226911","","",""
"375","U1519","D","1","H","1","","66.0","0.660","0.651","1490","6.40","59.83","2018-04-21 12:27:19","NI-5133-002034","WRMSL","SECT9497171","111226911","","",""
"375","U1519","D","1","H","1","","68.0","0.680","0.671","1484","6.40","60.02","2018-04-21 12:27:19","NI-5133-002034","WRMSL","SECT9497171","111226911","","",""
"375","U1519","D","1","H","1","","70.0","0.700","0.690","1485","6.40","60.00","2018-04-21 12:27:19","NI-5133-002034","WRMSL","SECT9497171","111226911","","",""
"375","U1519","D","1","H","1","","72.0","0.720","0.710","1485","6.41","60.01","2018-04-21 12:27:19","NI-5133-002034","WRMSL","SECT9497171","111226911","","",""
"375","U1519","D","1","H","1","","74.0","0.740","0.730","1485","6.40","60.00","2018-04-21 12:27:19","NI-5133-002034","WRMSL","SECT9497171","111226911","","",""
"375","U1519","D","1","H","1","","76.0","0.760","0.750","1485","6.41","60.00","2018-04-21 12:27:19","NI-5133-002034","WRMSL","SECT9497171","111226911","","",""
"375","U1519","D","1","H","1","","78.0","0.780","0.769","1488","6.41","59.93","2018-04-21 12:27:19","NI-5133-002034","WRMSL","SECT9497171","111226911","","",""
"375","U1519","D","1","H","1","","80.0","0.800","0.789","1486","6.41","59.97","2018-04-21 12:27:19","NI-5133-002034","WRMSL","SECT9497171","111226911","","",""
"375","U1519","D","1","H","1","","82.0","0.820","0.809","1486","6.41","59.96","2018-04-21 12:27:19","NI-5133-002034","WRMSL","SECT9497171","111226911","","",""
"375","U1519","D","1","H","1","","84.0","0.840","0.828","1484","6.41","60.03","2018-04-21 12:27:19","NI-5133-002034","WRMSL","SECT9497171","111226911","","",""
"375","U1519","D","1","H","1","","86.0","0.860","0.848","1484","6.41","60.04","2018-04-21 12:27:19","NI-5133-002034","WRMSL","SECT9497171","111226911","","",""
"375","U1519","D","1","H","1","","88.0","0.880","0.868","1485","6.40","59.98","2018-04-21 12:27:19","NI-5133-002034","WRMSL","SECT9497171","111226911","","",""
"375","U1519","D","1","H","1","","90.0","0.900","0.888","1487","6.41","59.94","2018-04-21 12:27:19","NI-5133-002034","WRMSL","SECT9497171","111226911","","",""
"375","U1519","D","1","H","1","","92.0","0.920","0.907","1488","6.41","59.93","2018-04-21 12:27:19","NI-5133-002034","WRMSL","SECT9497171","111226911","","",""
"375","U1519","D","1","H","1","","94.0","0.940","0.927","1488","6.41","59.94","2018-04-21 12:27:19","NI-5133-002034","WRMSL","SECT9497171","111226911","","",""
"375","U1519","D","1","H","1","","96.0","0.960","0.947","1486","6.41","60.01","2018-04-21 12:27:19","NI-5133-002034","WRMSL","SECT9497171","111226911","","",""
"375","U1519","D","1","H","1","","98.0","0.980","0.966","1487","6.40","59.95","2018-04-21 12:27:19","NI-5133-002034","WRMSL","SECT9497171","111226911","","",""
"375","U1519","D","1","H","1","","100.0","1.000","0.986","1487","6.40","59.94","2018-04-21 12:27:19","NI-5133-002034","WRMSL","SECT9497171","111226911","","",""
"375","U1519","D","1","H","1","","102.0","1.020","1.006","1487","6.40","59.94","2018-04-21 12:27:19","NI-5133-002034","WRMSL","SECT9497171","111226911","","",""
"375","U1519","D","1","H","1","","104.0","1.040","1.026","1487","6.40","59.89","2018-04-21 12:27:19","NI-5133-002034","WRMSL","SECT9497171","111226911","","",""
"375","U1519","D","1","H","1","","106.0","1.060","1.045","1487","6.40","59.90","2018-04-21 12:27:19","NI-5133-002034","WRMSL","SECT9497171","111226911","","",""
"375","U1519","D","1","H","1","","108.0","1.080","1.065","1486","6.40","59.90","2018-04-21 12:27:19","NI-5133-002034","WRMSL","SECT9497171","111226911","","",""
"375","U1519","D","1","H","1","","110.0","1.100","1.085","1487","6.39","59.89","2018-04-21 12:27:19","NI-5133-002034","WRMSL","SECT9497171","111226911","","",""
"375","U1519","D","1","H","1","","112.0","1.120","1.105","1486","6.39","59.89","2018-04-21 12:27:19","NI-5133-002034","WRMSL","SECT9497171","111226911","","",""
"375","U1519","D","1","H","1","","114.0","1.140","1.124","1487","6.39","59.87","2018-04-21 12:27:19","NI-5133-002034","WRMSL","SECT9497171","111226911","","",""
"375","U1519","D","1","H","1","","116.0","1.160","1.144","1491","6.39","59.75","2018-04-21 12:27:19","NI-5133-002034","WRMSL","SECT9497171","111226911","","",""
"375","U1519","D","1","H","1","","118.0","1.180","1.164","1489","6.39","59.79","2018-04-21 12:27:19","NI-5133-002034","WRMSL","SECT9497171","111226911","","",""
"375","U1519","D","1","H","1","","120.0","1.200","1.183","1491","6.39","59.75","2018-04-21 12:27:19","NI-5133-002034","WRMSL","SECT9497171","111226911","","",""
"375","U1519","D","1","H","1","","122.0","1.220","1.203","1491","6.40","59.79","2018-04-21 12:27:19","NI-5133-002034","WRMSL","SECT9497171","111226911","","",""
"375","U1519","D","1","H","2","","8.5","1.605","1.583","1528","6.40","58.76","2018-04-21 12:32:59","NI-5133-002034","WRMSL","SECT9497201","111226951","","",""
"375","U1519","D","1","H","2","","10.5","1.625","1.603","1458","6.40","60.77","2018-04-21 12:32:59","NI-5133-002034","WRMSL","SECT9497201","111226951","","",""
"375","U1519","D","1","H","2","","12.5","1.645","1.622","1531","6.40","58.65","2018-04-21 12:32:59","NI-5133-002034","WRMSL","SECT9497201","111226951","","",""
"375","U1519","D","1","H","2","","14.5","1.665","1.642","1629","6.39","56.12","2018-04-21 12:32:59","NI-5133-002034","WRMSL","SECT9497201","111226951","","",""
"375","U1519","D","1","H","2","","16.5","1.685","1.662","1561","6.40","57.87","2018-04-21 12:32:59","NI-5133-002034","WRMSL","SECT9497201","111226951","","",""
"375","U1519","D","1","H","2","","18.5","1.705","1.681","1482","6.40","60.05","2018-04-21 12:32:59","NI-5133-002034","WRMSL","SECT9497201","111226951","","",""
"375","U1519","D","1","H","2","","20.5","1.725","1.701","1482","6.40","60.04","2018-04-21 12:32:59","NI-5133-002034","WRMSL","SECT9497201","111226951","","",""
"375","U1519","D","1","H","2","","22.5","1.745","1.721","1482","6.40","60.06","2018-04-21 12:32:59","NI-5133-002034","WRMSL","SECT9497201","111226951","","",""
"375","U1519","D","1","H","2","","24.5","1.765","1.741","1483","6.40","60.02","2018-04-21 12:32:59","NI-5133-002034","WRMSL","SECT9497201","111226951","","",""
"375","U1519","D","1","H","2","","26.5","1.785","1.760","1481","6.40","60.06","2018-04-21 12:32:59","NI-5133-002034","WRMSL","SECT9497201","111226951","","",""
"375","U1519","D","1","H","2","","28.5","1.805","1.780","1481","6.40","60.06","2018-04-21 12:32:59","NI-5133-002034","WRMSL","SECT9497201","111226951","","",""
"375","U1519","D","1","H","2","","30.5","1.825","1.800","1482","6.40","60.03","2018-04-21 12:32:59","NI-5133-002034","WRMSL","SECT9497201","111226951","","",""
"375","U1519","D","1","H","2","","32.5","1.845","1.819","1484","6.40","60.00","2018-04-21 12:32:59","NI-5133-002034","WRMSL","SECT9497201","111226951","","",""
"375","U1519","D","1","H","2","","34.5","1.865","1.839","1485","6.40","59.99","2018-04-21 12:32:59","NI-5133-002034","WRMSL","SECT9497201","111226951","","",""
"375","U1519","D","1","H","2","","36.5","1.885","1.859","1484","6.40","60.02","2018-04-21 12:32:59","NI-5133-002034","WRMSL","SECT9497201","111226951","","",""
"375","U1519","D","1","H","2","","38.5","1.905","1.879","1485","6.40","59.99","2018-04-21 12:32:59","NI-5133-002034","WRMSL","SECT9497201","111226951","","",""
"375","U1519","D","1","H","2","","40.5","1.925","1.898","1487","6.40","59.91","2018-04-21 12:32:59","NI-5133-002034","WRMSL","SECT9497201","111226951","","",""
"375","U1519","D","1","H","2","","42.5","1.945","1.918","1489","6.40","59.86","2018-04-21 12:32:59","NI-5133-002034","WRMSL","SECT9497201","111226951","","",""
"375","U1519","D","1","H","2","","44.5","1.965","1.938","1488","6.40","59.88","2018-04-21 12:32:59","NI-5133-002034","WRMSL","SECT9497201","111226951","","",""
"375","U1519","D","1","H","2","","46.5","1.985","1.958","1486","6.40","59.92","2018-04-21 12:32:59","NI-5133-002034","WRMSL","SECT9497201","111226951","","",""
"375","U1519","D","1","H","2","","48.5","2.005","1.977","1485","6.40","59.98","2018-04-21 12:32:59","NI-5133-002034","WRMSL","SECT9497201","111226951","","",""
"375","U1519","D","1","H","2","","50.5","2.025","1.997","1481","6.40","60.06","2018-04-21 12:32:59","NI-5133-002034","WRMSL","SECT9497201","111226951","","",""
"375","U1519","D","1","H","2","","52.5","2.045","2.017","1484","6.40","59.99","2018-04-21 12:32:59","NI-5133-002034","WRMSL","SECT9497201","111226951","","",""
"375","U1519","D","1","H","2","","54.5","2.065","2.036","1483","6.40","60.02","2018-04-21 12:32:59","NI-5133-002034","WRMSL","SECT9497201","111226951","","",""
"375","U1519","D","1","H","2","","56.5","2.085","2.056","1483","6.40","60.03","2018-04-21 12:32:59","NI-5133-002034","WRMSL","SECT9497201","111226951","","",""
"375","U1519","D","1","H","2","","58.5","2.105","2.076","1482","6.40","60.05","2018-04-21 12:32:59","NI-5133-002034","WRMSL","SECT9497201","111226951","","",""
"375","U1519","D","1","H","2","","60.5","2.125","2.096","1483","6.40","60.03","2018-04-21 12:32:59","NI-5133-002034","WRMSL","SECT9497201","111226951","","",""
"375","U1519","D","1","H","2","","62.5","2.145","2.115","1483","6.40","60.03","2018-04-21 12:32:59","NI-5133-002034","WRMSL","SECT9497201","111226951","","",""
"375","U1519","D","1","H","2","","64.5","2.165","2.135","1484","6.40","59.99","2018-04-21 12:32:59","NI-5133-002034","WRMSL","SECT9497201","111226951","","",""
"375","U1519","D","1","H","2","","66.5","2.185","2.155","1486","6.40","59.96","2018-04-21 12:32:59","NI-5133-002034","WRMSL","SECT9497201","111226951","","",""
"375","U1519","D","1","H","2","","68.5","2.205","2.174","1483","6.40","60.05","2018-04-21 12:32:59","NI-5133-002034","WRMSL","SECT9497201","111226951","","",""
"375","U1519","D","1","H","2","","70.5","2.225","2.194","1484","6.40","60.02","2018-04-21 12:32:59","NI-5133-002034","WRMSL","SECT9497201","111226951","","",""
"375","U1519","D","1","H","2","","72.5","2.245","2.214","1485","6.40","59.99","2018-04-21 12:32:59","NI-5133-002034","WRMSL","SECT9497201","111226951","","",""
"375","U1519","D","1","H","2","","74.5","2.265","2.234","1488","6.40","59.89","2018-04-21 12:32:59","NI-5133-002034","WRMSL","SECT9497201","111226951","","",""
"375","U1519","D","1","H","2","","76.5","2.285","2.253","1497","6.40","59.65","2018-04-21 12:32:59","NI-5133-002034","WRMSL","SECT9497201","111226951","","",""
"375","U1519","D","1","H","2","","78.5","2.305","2.273","1499","6.40","59.59","2018-04-21 12:32:59","NI-5133-002034","WRMSL","SECT9497201","111226951","","",""
"375","U1519","D","1","H","2","","80.5","2.325","2.293","1484","6.41","60.05","2018-04-21 12:32:59","NI-5133-002034","WRMSL","SECT9497201","111226951","","",""
"375","U1519","D","1","H","2","","82.5","2.345","2.313","1484","6.41","60.05","2018-04-21 12:32:59","NI-5133-002034","WRMSL","SECT9497201","111226951","","",""
"375","U1519","D","1","H","2","","84.5","2.365","2.332","1483","6.41","60.07","2018-04-21 12:32:59","NI-5133-002034","WRMSL","SECT9497201","111226951","","",""
"375","U1519","D","1","H","2","","86.5","2.385","2.352","1485","6.41","60.02","2018-04-21 12:32:59","NI-5133-002034","WRMSL","SECT9497201","111226951","","",""
"375","U1519","D","1","H","2","","88.5","2.405","2.372","1486","6.41","60.01","2018-04-21 12:32:59","NI-5133-002034","WRMSL","SECT9497201","111226951","","",""
"375","U1519","D","1","H","2","","90.5","2.425","2.391","1486","6.41","60.01","2018-04-21 12:32:59","NI-5133-002034","WRMSL","SECT9497201","111226951","","",""
"375","U1519","D","1","H","2","","92.5","2.445","2.411","1486","6.41","60.01","2018-04-21 12:32:59","NI-5133-002034","WRMSL","SECT9497201","111226951","","",""
"375","U1519","D","1","H","2","","94.5","2.465","2.431","1486","6.41","59.99","2018-04-21 12:32:59","NI-5133-002034","WRMSL","SECT9497201","111226951","","",""
"375","U1519","D","1","H","2","","96.5","2.485","2.451","1487","6.41","59.95","2018-04-21 12:32:59","NI-5133-002034","WRMSL","SECT9497201","111226951","","",""
"375","U1519","D","1","H","2","","98.5","2.505","2.470","1487","6.40","59.93","2018-04-21 12:32:59","NI-5133-002034","WRMSL","SECT9497201","111226951","","",""
"375","U1519","D","1","H","2","","100.5","2.525","2.490","1488","6.40","59.90","2018-04-21 12:32:59","NI-5133-002034","WRMSL","SECT9497201","111226951","","",""
"375","U1519","D","1","H","2","","102.5","2.545","2.510","1487","6.40","59.91","2018-04-21 12:32:59","NI-5133-002034","WRMSL","SECT9497201","111226951","","",""
"375","U1519","D","1","H","2","","104.5","2.565","2.529","1487","6.40","59.90","2018-04-21 12:32:59","NI-5133-002034","WRMSL","SECT9497201","111226951","","",""
"375","U1519","D","1","H","2","","106.5","2.585","2.549","1488","6.40","59.88","2018-04-21 12:32:59","NI-5133-002034","WRMSL","SECT9497201","111226951","","",""
"375","U1519","D","1","H","2","","108.5","2.605","2.569","1492","6.40","59.74","2018-04-21 12:32:59","NI-5133-002034","WRMSL","SECT9497201","111226951","","",""
"375","U1519","D","1","H","2","","110.5","2.625","2.589","1493","6.40","59.71","2018-04-21 12:32:59","NI-5133-002034","WRMSL","SECT9497201","111226951","","",""
"375","U1519","D","1","H","2","","112.5","2.645","2.608","1486","6.39","59.89","2018-04-21 12:32:59","NI-5133-002034","WRMSL","SECT9497201","111226951","","",""
"375","U1519","D","1","H","2","","114.5","2.665","2.628","1485","6.39","59.93","2018-04-21 12:32:59","NI-5133-002034","WRMSL","SECT9497201","111226951","","",""
"375","U1519","D","1","H","2","","116.5","2.685","2.648","1487","6.39","59.88","2018-04-21 12:32:59","NI-5133-002034","WRMSL","SECT9497201","111226951","","",""
"375","U1519","D","1","H","2","","118.5","2.705","2.668","1488","6.39","59.84","2018-04-21 12:32:59","NI-5133-002034","WRMSL","SECT9497201","111226951","","",""
"375","U1519","D","1","H","2","","120.5","2.725","2.687","1487","6.40","59.90","2018-04-21 12:32:59","NI-5133-002034","WRMSL","SECT9497201","111226951","","",""
"375","U1519","D","1","H","2","","122.5","2.745","2.707","1487","6.41","59.96","2018-04-21 12:32:59","NI-5133-002034","WRMSL","SECT9497201","111226951","","",""
"375","U1519","D","1","H","3","","7.2","3.102","3.059","1521","6.43","59.13","2018-04-21 12:38:06","NI-5133-002034","WRMSL","SECT9497231","111227021","","",""
"375","U1519","D","1","H","3","","9.2","3.122","3.079","1520","6.42","59.09","2018-04-21 12:38:06","NI-5133-002034","WRMSL","SECT9497231","111227021","","",""
"375","U1519","D","1","H","3","","11.2","3.142","3.098","1521","6.41","59.04","2018-04-21 12:38:06","NI-5133-002034","WRMSL","SECT9497231","111227021","","",""
"375","U1519","D","1","H","3","","13.2","3.162","3.118","1573","6.40","57.55","2018-04-21 12:38:06","NI-5133-002034","WRMSL","SECT9497231","111227021","","",""
"375","U1519","D","1","H","3","","15.2","3.182","3.138","1560","6.40","57.92","2018-04-21 12:38:06","NI-5133-002034","WRMSL","SECT9497231","111227021","","",""
"375","U1519","D","1","H","3","","17.2","3.202","3.158","1640","6.40","55.90","2018-04-21 12:38:06","NI-5133-002034","WRMSL","SECT9497231","111227021","","",""
"375","U1519","D","1","H","3","","19.2","3.222","3.177","1644","6.40","55.83","2018-04-21 12:38:06","NI-5133-002034","WRMSL","SECT9497231","111227021","","",""
"375","U1519","D","1","H","3","","21.2","3.242","3.197","1643","6.40","55.85","2018-04-21 12:38:06","NI-5133-002034","WRMSL","SECT9497231","111227021","","",""
"375","U1519","D","1","H","3","","23.2","3.262","3.217","1576","6.40","57.46","2018-04-21 12:38:06","NI-5133-002034","WRMSL","SECT9497231","111227021","","",""
"375","U1519","D","1","H","3","","25.2","3.282","3.236","1574","6.40","57.54","2018-04-21 12:38:06","NI-5133-002034","WRMSL","SECT9497231","111227021","","",""
"375","U1519","D","1","H","3","","27.2","3.302","3.256","1588","6.40","57.20","2018-04-21 12:38:06","NI-5133-002034","WRMSL","SECT9497231","111227021","","",""
"375","U1519","D","1","H","3","","29.2","3.322","3.276","1635","6.40","56.03","2018-04-21 12:38:06","NI-5133-002034","WRMSL","SECT9497231","111227021","","",""
"375","U1519","D","1","H","3","","31.2","3.342","3.296","1660","6.40","55.45","2018-04-21 12:38:06","NI-5133-002034","WRMSL","SECT9497231","111227021","","",""
"375","U1519","D","1","H","3","","33.2","3.362","3.315","1663","6.40","55.38","2018-04-21 12:38:06","NI-5133-002034","WRMSL","SECT9497231","111227021","","",""
"375","U1519","D","1","H","3","","35.2","3.382","3.335","1664","6.40","55.32","2018-04-21 12:38:06","NI-5133-002034","WRMSL","SECT9497231","111227021","","",""
"375","U1519","D","1","H","3","","37.2","3.402","3.355","1646","6.40","55.73","2018-04-21 12:38:06","NI-5133-002034","WRMSL","SECT9497231","111227021","","",""
"375","U1519","D","1","H","3","","39.2","3.422","3.375","1646","6.39","55.73","2018-04-21 12:38:06","NI-5133-002034","WRMSL","SECT9497231","111227021","","",""
"375","U1519","D","1","H","3","","41.2","3.442","3.394","1659","6.39","55.40","2018-04-21 12:38:06","NI-5133-002034","WRMSL","SECT9497231","111227021","","",""
"375","U1519","D","1","H","3","","43.2","3.462","3.414","1653","6.39","55.55","2018-04-21 12:38:06","NI-5133-002034","WRMSL","SECT9497231","111227021","","",""
"375","U1519","D","1","H","3","","45.2","3.482","3.434","1659","6.39","55.41","2018-04-21 12:38:06","NI-5133-002034","WRMSL","SECT9497231","111227021","","",""
"375","U1519","D","1","H","3","","47.2","3.502","3.453","1654","6.40","55.55","2018-04-21 12:38:06","NI-5133-002034","WRMSL","SECT9497231","111227021","","",""
"375","U1519","D","1","H","3","","49.2","3.522","3.473","1660","6.39","55.40","2018-04-21 12:38:06","NI-5133-002034","WRMSL","SECT9497231","111227021","","",""
"375","U1519","D","1","H","3","","51.2","3.542","3.493","1659","6.39","55.42","2018-04-21 12:38:06","NI-5133-002034","WRMSL","SECT9497231","111227021","","",""
"375","U1519","D","1","H","3","","53.2","3.562","3.513","1669","6.39","55.20","2018-04-21 12:38:06","NI-5133-002034","WRMSL","SECT9497231","111227021","","",""
"375","U1519","D","1","H","3","","55.2","3.582","3.532","1676","6.39","55.01","2018-04-21 12:38:06","NI-5133-002034","WRMSL","SECT9497231","111227021","","",""
"375","U1519","D","1","H","3","","57.2","3.602","3.552","1674","6.39","55.06","2018-04-21 12:38:06","NI-5133-002034","WRMSL","SECT9497231","111227021","","",""
"375","U1519","D","1","H","3","","63.2","3.662","3.611","1651","6.40","55.61","2018-04-21 12:38:06","NI-5133-002034","WRMSL","SECT9497231","111227021","","",""
"375","U1519","D","1","H","3","","65.2","3.682","3.631","1646","6.39","55.73","2018-04-21 12:38:06","NI-5133-002034","WRMSL","SECT9497231","111227021","","",""
"375","U1519","D","1","H","3","","67.2","3.702","3.651","1646","6.39","55.69","2018-04-21 12:38:06","NI-5133-002034","WRMSL","SECT9497231","111227021","","",""
"375","U1519","D","1","H","3","","69.2","3.722","3.670","1646","6.39","55.69","2018-04-21 12:38:06","NI-5133-002034","WRMSL","SECT9497231","111227021","","",""
"375","U1519","D","1","H","3","","71.2","3.742","3.690","1642","6.39","55.76","2018-04-21 12:38:06","NI-5133-002034","WRMSL","SECT9497231","111227021","","",""
"375","U1519","D","1","H","3","","73.2","3.762","3.710","1643","6.38","55.72","2018-04-21 12:38:06","NI-5133-002034","WRMSL","SECT9497231","111227021","","",""
"375","U1519","D","1","H","3","","75.2","3.782","3.730","1642","6.38","55.74","2018-04-21 12:38:06","NI-5133-002034","WRMSL","SECT9497231","111227021","","",""
"375","U1519","D","1","H","3","","77.2","3.802","3.749","1637","6.38","55.85","2018-04-21 12:38:06","NI-5133-002034","WRMSL","SECT9497231","111227021","","",""
"375","U1519","D","1","H","3","","79.2","3.822","3.769","1646","6.38","55.62","2018-04-21 12:38:06","NI-5133-002034","WRMSL","SECT9497231","111227021","","",""
"375","U1519","D","1","H","3","","81.2","3.842","3.789","1651","6.38","55.54","2018-04-21 12:38:06","NI-5133-002034","WRMSL","SECT9497231","111227021","","",""
"375","U1519","D","1","H","3","","83.2","3.862","3.808","1640","6.39","55.81","2018-04-21 12:38:06","NI-5133-002034","WRMSL","SECT9497231","111227021","","",""
"375","U1519","D","1","H","3","","85.2","3.882","3.828","1640","6.40","55.87","2018-04-21 12:38:06","NI-5133-002034","WRMSL","SECT9497231","111227021","","",""
"375","U1519","D","2","H","1","","6.0","4.360","4.357","1538","6.40","58.50","2018-04-21 13:07:52","NI-5133-002034","WRMSL","SECT9498481","111227301","","",""
"375","U1519","D","2","H","1","","8.0","4.380","4.376","1496","6.40","59.66","2018-04-21 13:07:52","NI-5133-002034","WRMSL","SECT9498481","111227301","","",""
"375","U1519","D","2","H","1","","10.0","4.400","4.395","1572","6.39","57.53","2018-04-21 13:07:52","NI-5133-002034","WRMSL","SECT9498481","111227301","","",""
"375","U1519","D","2","H","1","","12.0","4.420","4.415","1568","6.40","57.67","2018-04-21 13:07:52","NI-5133-002034","WRMSL","SECT9498481","111227301","","",""
"375","U1519","D","2","H","1","","14.0","4.440","4.434","1473","6.39","60.29","2018-04-21 13:07:52","NI-5133-002034","WRMSL","SECT9498481","111227301","","",""
"375","U1519","D","2","H","1","","16.0","4.460","4.453","1555","6.39","57.98","2018-04-21 13:07:52","NI-5133-002034","WRMSL","SECT9498481","111227301","","",""
"375","U1519","D","2","H","1","","18.0","4.480","4.472","1511","6.39","59.19","2018-04-21 13:07:52","NI-5133-002034","WRMSL","SECT9498481","111227301","","",""
"375","U1519","D","2","H","1","","20.0","4.500","4.491","1505","6.39","59.36","2018-04-21 13:07:52","NI-5133-002034","WRMSL","SECT9498481","111227301","","",""
"375","U1519","D","2","H","1","","22.0","4.520","4.510","1483","6.39","59.99","2018-04-21 13:07:52","NI-5133-002034","WRMSL","SECT9498481","111227301","","",""
"375","U1519","D","2","H","1","","24.0","4.540","4.529","1465","6.39","60.53","2018-04-21 13:07:52","NI-5133-002034","WRMSL","SECT9498481","111227301","","",""
"375","U1519","D","2","H","1","","26.0","4.560","4.548","1471","6.39","60.33","2018-04-21 13:07:52","NI-5133-002034","WRMSL","SECT9498481","111227301","","",""
"375","U1519","D","2","H","1","","28.0","4.580","4.567","1498","6.39","59.54","2018-04-21 13:07:52","NI-5133-002034","WRMSL","SECT9498481","111227301","","",""
"375","U1519","D","2","H","1","","30.0","4.600","4.586","1497","6.39","59.58","2018-04-21 13:07:52","NI-5133-002034","WRMSL","SECT9498481","111227301","","",""
"375","U1519","D","2","H","1","","32.0","4.620","4.605","1503","6.39","59.42","2018-04-21 13:07:52","NI-5133-002034","WRMSL","SECT9498481","111227301","","",""
"375","U1519","D","2","H","1","","34.0","4.640","4.625","1543","6.40","58.34","2018-04-21 13:07:52","NI-5133-002034","WRMSL","SECT9498481","111227301","","",""
"375","U1519","D","2","H","1","","36.0","4.660","4.644","1520","6.40","58.96","2018-04-21 13:07:52","NI-5133-002034","WRMSL","SECT9498481","111227301","","",""
"375","U1519","D","2","H","1","","38.0","4.680","4.663","1497","6.40","59.59","2018-04-21 13:07:52","NI-5133-002034","WRMSL","SECT9498481","111227301","","",""
"375","U1519","D","2","H","1","","40.0","4.700","4.682","1512","6.39","59.16","2018-04-21 13:07:52","NI-5133-002034","WRMSL","SECT9498481","111227301","","",""
"375","U1519","D","2","H","1","","42.0","4.720","4.701","1507","6.40","59.34","2018-04-21 13:07:52","NI-5133-002034","WRMSL","SECT9498481","111227301","","",""
"375","U1519","D","2","H","1","","44.0","4.740","4.720","1547","6.40","58.25","2018-04-21 13:07:52","NI-5133-002034","WRMSL","SECT9498481","111227301","","",""
"375","U1519","D","2","H","1","","46.0","4.760","4.739","1570","6.40","57.67","2018-04-21 13:07:52","NI-5133-002034","WRMSL","SECT9498481","111227301","","",""
"375","U1519","D","2","H","1","","48.0","4.780","4.758","1568","6.40","57.72","2018-04-21 13:07:52","NI-5133-002034","WRMSL","SECT9498481","111227301","","",""
"375","U1519","D","2","H","1","","50.0","4.800","4.777","1604","6.41","56.82","2018-04-21 13:07:52","NI-5133-002034","WRMSL","SECT9498481","111227301","","",""
"375","U1519","D","2","H","1","","52.0","4.820","4.796","1613","6.42","56.67","2018-04-21 13:07:52","NI-5133-002034","WRMSL","SECT9498481","111227301","","",""
"375","U1519","D","2","H","1","","54.0","4.840","4.815","1603","6.42","56.92","2018-04-21 13:07:52","NI-5133-002034","WRMSL","SECT9498481","111227301","","",""
"375","U1519","D","2","H","1","","56.0","4.860","4.835","1597","6.42","57.07","2018-04-21 13:07:52","NI-5133-002034","WRMSL","SECT9498481","111227301","","",""
"375","U1519","D","2","H","1","","58.0","4.880","4.854","1592","6.42","57.17","2018-04-21 13:07:52","NI-5133-002034","WRMSL","SECT9498481","111227301","","",""
"375","U1519","D","2","H","1","","60.0","4.900","4.873","1565","6.41","57.87","2018-04-21 13:07:52","NI-5133-002034","WRMSL","SECT9498481","111227301","","",""
"375","U1519","D","2","H","1","","62.0","4.920","4.892","1562","6.41","57.92","2018-04-21 13:07:52","NI-5133-002034","WRMSL","SECT9498481","111227301","","",""
"375","U1519","D","2","H","1","","64.0","4.940","4.911","1556","6.41","58.06","2018-04-21 13:07:52","NI-5133-002034","WRMSL","SECT9498481","111227301","","",""
"375","U1519","D","2","H","1","","66.0","4.960","4.930","1545","6.41","58.35","2018-04-21 13:07:52","NI-5133-002034","WRMSL","SECT9498481","111227301","","",""
"375","U1519","D","2","H","1","","68.0","4.980","4.949","1536","6.41","58.60","2018-04-21 13:07:52","NI-5133-002034","WRMSL","SECT9498481","111227301","","",""
"375","U1519","D","2","H","1","","70.0","5.000","4.968","1515","6.41","59.20","2018-04-21 13:07:52","NI-5133-002034","WRMSL","SECT9498481","111227301","","",""
"375","U1519","D","2","H","1","","72.0","5.020","4.987","1535","6.41","58.65","2018-04-21 13:07:52","NI-5133-002034","WRMSL","SECT9498481","111227301","","",""
"375","U1519","D","2","H","1","","74.0","5.040","5.006","1570","6.42","57.74","2018-04-21 13:07:52","NI-5133-002034","WRMSL","SECT9498481","111227301","","",""
"375","U1519","D","2","H","1","","76.0","5.060","5.026","1601","6.42","56.98","2018-04-21 13:07:52","NI-5133-002034","WRMSL","SECT9498481","111227301","","",""
"375","U1519","D","2","H","1","","78.0","5.080","5.045","1612","6.43","56.74","2018-04-21 13:07:52","NI-5133-002034","WRMSL","SECT9498481","111227301","","",""
"375","U1519","D","2","H","1","","80.0","5.100","5.064","1610","6.43","56.80","2018-04-21 13:07:52","NI-5133-002034","WRMSL","SECT9498481","111227301","","",""
"375","U1519","D","2","H","1","","82.0","5.120","5.083","1611","6.43","56.77","2018-04-21 13:07:52","NI-5133-002034","WRMSL","SECT9498481","111227301","","",""
"375","U1519","D","2","H","1","","84.0","5.140","5.102","1608","6.43","56.83","2018-04-21 13:07:52","NI-5133-002034","WRMSL","SECT9498481","111227301","","",""
"375","U1519","D","2","H","1","","86.0","5.160","5.121","1605","6.42","56.90","2018-04-21 13:07:52","NI-5133-002034","WRMSL","SECT9498481","111227301","","",""
"375","U1519","D","2","H","1","","88.0","5.180","5.140","1598","6.42","57.04","2018-04-21 13:07:52","NI-5133-002034","WRMSL","SECT9498481","111227301","","",""
"375","U1519","D","2","H","1","","90.0","5.200","5.159","1583","6.42","57.40","2018-04-21 13:07:52","NI-5133-002034","WRMSL","SECT9498481","111227301","","",""
"375","U1519","D","2","H","1","","92.0","5.220","5.178","1541","6.41","58.51","2018-04-21 13:07:52","NI-5133-002034","WRMSL","SECT9498481","111227301","","",""
"375","U1519","D","2","H","1","","94.0","5.240","5.197","1516","6.42","59.18","2018-04-21 13:07:52","NI-5133-002034","WRMSL","SECT9498481","111227301","","",""
"375","U1519","D","2","H","1","","96.0","5.260","5.216","1511","6.41","59.32","2018-04-21 13:07:52","NI-5133-002034","WRMSL","SECT9498481","111227301","","",""
"375","U1519","D","2","H","1","","98.0","5.280","5.236","1508","6.41","59.40","2018-04-21 13:07:52","NI-5133-002034","WRMSL","SECT9498481","111227301","","",""
"375","U1519","D","2","H","1","","100.0","5.300","5.255","1523","6.41","58.97","2018-04-21 13:07:52","NI-5133-002034","WRMSL","SECT9498481","111227301","","",""
"375","U1519","D","2","H","1","","102.0","5.320","5.274","1512","6.41","59.25","2018-04-21 13:07:52","NI-5133-002034","WRMSL","SECT9498481","111227301","","",""
"375","U1519","D","2","H","1","","104.0","5.340","5.293","1509","6.41","59.35","2018-04-21 13:07:52","NI-5133-002034","WRMSL","SECT9498481","111227301","","",""
"375","U1519","D","2","H","1","","106.0","5.360","5.312","1515","6.41","59.20","2018-04-21 13:07:52","NI-5133-002034","WRMSL","SECT9498481","111227301","","",""
"375","U1519","D","2","H","1","","108.0","5.380","5.331","1570","6.41","57.74","2018-04-21 13:07:52","NI-5133-002034","WRMSL","SECT9498481","111227301","","",""
"375","U1519","D","2","H","1","","110.0","5.400","5.350","1596","6.42","57.08","2018-04-21 13:07:52","NI-5133-002034","WRMSL","SECT9498481","111227301","","",""
"375","U1519","D","2","H","1","","112.0","5.420","5.369","1614","6.42","56.65","2018-04-21 13:07:52","NI-5133-002034","WRMSL","SECT9498481","111227301","","",""
"375","U1519","D","2","H","1","","114.0","5.440","5.388","1602","6.42","56.94","2018-04-21 13:07:52","NI-5133-002034","WRMSL","SECT9498481","111227301","","",""
"375","U1519","D","2","H","1","","116.0","5.460","5.407","1606","6.41","56.80","2018-04-21 13:07:52","NI-5133-002034","WRMSL","SECT9498481","111227301","","",""
"375","U1519","D","2","H","1","","118.0","5.480","5.426","1595","6.41","57.04","2018-04-21 13:07:52","NI-5133-002034","WRMSL","SECT9498481","111227301","","",""
"375","U1519","D","2","H","1","","120.0","5.500","5.446","1569","6.41","57.70","2018-04-21 13:07:52","NI-5133-002034","WRMSL","SECT9498481","111227301","","",""
"375","U1519","D","2","H","1","","122.0","5.520","5.465","1564","6.41","57.84","2018-04-21 13:07:52","NI-5133-002034","WRMSL","SECT9498481","111227301","","",""
"375","U1519","D","2","H","1","","124.0","5.540","5.484","1526","6.41","58.89","2018-04-21 13:07:52","NI-5133-002034","WRMSL","SECT9498481","111227301","","",""
"375","U1519","D","2","H","2","","7.9","5.899","5.826","1619","6.45","56.68","2018-04-21 13:15:16","NI-5133-002034","WRMSL","SECT9498511","111227511","","",""
"375","U1519","D","2","H","2","","9.9","5.919","5.846","1624","6.43","56.50","2018-04-21 13:15:16","NI-5133-002034","WRMSL","SECT9498511","111227511","","",""
"375","U1519","D","2","H","2","","11.9","5.939","5.865","1625","6.43","56.46","2018-04-21 13:15:16","NI-5133-002034","WRMSL","SECT9498511","111227511","","",""
"375","U1519","D","2","H","2","","13.9","5.959","5.884","1444","5.74","56.61","2018-04-21 13:15:16","NI-5133-002034","WRMSL","SECT9498511","111227511","","",""
"375","U1519","D","2","H","2","","15.9","5.979","5.903","1585","6.30","56.60","2018-04-21 13:15:16","NI-5133-002034","WRMSL","SECT9498511","111227511","","",""
"375","U1519","D","2","H","2","","17.9","5.999","5.922","1614","6.43","56.74","2018-04-21 13:15:16","NI-5133-002034","WRMSL","SECT9498511","111227511","","",""
"375","U1519","D","2","H","2","","19.9","6.019","5.941","1603","6.43","56.99","2018-04-21 13:15:16","NI-5133-002034","WRMSL","SECT9498511","111227511","","",""
"375","U1519","D","2","H","2","","21.9","6.039","5.960","1606","6.43","56.91","2018-04-21 13:15:16","NI-5133-002034","WRMSL","SECT9498511","111227511","","",""
"375","U1519","D","2","H","2","","23.9","6.059","5.979","1606","6.43","56.90","2018-04-21 13:15:16","NI-5133-002034","WRMSL","SECT9498511","111227511","","",""
"375","U1519","D","2","H","2","","25.9","6.079","5.998","1606","6.43","56.91","2018-04-21 13:15:16","NI-5133-002034","WRMSL","SECT9498511","111227511","","",""
"375","U1519","D","2","H","2","","27.9","6.099","6.017","1604","6.43","56.93","2018-04-21 13:15:16","NI-5133-002034","WRMSL","SECT9498511","111227511","","",""
"375","U1519","D","2","H","2","","29.9","6.119","6.037","1600","6.42","57.03","2018-04-21 13:15:16","NI-5133-002034","WRMSL","SECT9498511","111227511","","",""
"375","U1519","D","2","H","2","","31.9","6.139","6.056","1599","6.42","57.04","2018-04-21 13:15:16","NI-5133-002034","WRMSL","SECT9498511","111227511","","",""
"375","U1519","D","2","H","2","","33.9","6.159","6.075","1576","6.42","57.60","2018-04-21 13:15:16","NI-5133-002034","WRMSL","SECT9498511","111227511","","",""
"375","U1519","D","2","H","2","","35.9","6.179","6.094","1563","6.42","57.97","2018-04-21 13:15:16","NI-5133-002034","WRMSL","SECT9498511","111227511","","",""
"375","U1519","D","2","H","2","","37.9","6.199","6.113","1572","6.43","57.74","2018-04-21 13:15:16","NI-5133-002034","WRMSL","SECT9498511","111227511","","",""
"375","U1519","D","2","H","2","","39.9","6.219","6.132","1586","6.43","57.40","2018-04-21 13:15:16","NI-5133-002034","WRMSL","SECT9498511","111227511","","",""
"375","U1519","D","2","H","2","","41.9","6.239","6.151","1587","6.43","57.37","2018-04-21 13:15:16","NI-5133-002034","WRMSL","SECT9498511","111227511","","",""
"375","U1519","D","2","H","2","","43.9","6.259","6.170","1582","6.42","57.47","2018-04-21 13:15:16","NI-5133-002034","WRMSL","SECT9498511","111227511","","",""
"375","U1519","D","2","H","2","","45.9","6.279","6.189","1567","6.42","57.84","2018-04-21 13:15:16","NI-5133-002034","WRMSL","SECT9498511","111227511","","",""
"375","U1519","D","2","H","2","","47.9","6.299","6.208","1566","6.41","57.83","2018-04-21 13:15:16","NI-5133-002034","WRMSL","SECT9498511","111227511","","",""
"375","U1519","D","2","H","2","","49.9","6.319","6.227","1566","6.41","57.83","2018-04-21 13:15:16","NI-5133-002034","WRMSL","SECT9498511","111227511","","",""
"375","U1519","D","2","H","2","","51.9","6.339","6.247","1562","6.41","57.90","2018-04-21 13:15:16","NI-5133-002034","WRMSL","SECT9498511","111227511","","",""
"375","U1519","D","2","H","2","","53.9","6.359","6.266","1549","6.41","58.25","2018-04-21 13:15:16","NI-5133-002034","WRMSL","SECT9498511","111227511","","",""
"375","U1519","D","2","H","2","","55.9","6.379","6.285","1561","6.41","57.92","2018-04-21 13:15:16","NI-5133-002034","WRMSL","SECT9498511","111227511","","",""
"375","U1519","D","2","H","2","","57.9","6.399","6.304","1561","6.41","57.92","2018-04-21 13:15:16","NI-5133-002034","WRMSL","SECT9498511","111227511","","",""
"375","U1519","D","2","H","2","","59.9","6.419","6.323","1543","6.41","58.41","2018-04-21 13:15:16","NI-5133-002034","WRMSL","SECT9498511","111227511","","",""
"375","U1519","D","2","H","2","","61.9","6.439","6.342","1548","6.41","58.30","2018-04-21 13:15:16","NI-5133-002034","WRMSL","SECT9498511","111227511","","",""
"375","U1519","D","2","H","2","","63.9","6.459","6.361","1575","6.42","57.61","2018-04-21 13:15:16","NI-5133-002034","WRMSL","SECT9498511","111227511","","",""
"375","U1519","D","2","H","2","","65.9","6.479","6.380","1593","6.42","57.18","2018-04-21 13:15:16","NI-5133-002034","WRMSL","SECT9498511","111227511","","",""
"375","U1519","D","2","H","2","","67.9","6.499","6.399","1605","6.43","56.92","2018-04-21 13:15:16","NI-5133-002034","WRMSL","SECT9498511","111227511","","",""
"375","U1519","D","2","H","2","","69.9","6.519","6.418","1603","6.43","56.98","2018-04-21 13:15:16","NI-5133-002034","WRMSL","SECT9498511","111227511","","",""
"375","U1519","D","2","H","2","","71.9","6.539","6.438","1616","6.43","56.68","2018-04-21 13:15:16","NI-5133-002034","WRMSL","SECT9498511","111227511","","",""
"375","U1519","D","2","H","2","","73.9","6.559","6.457","1616","6.43","56.68","2018-04-21 13:15:16","NI-5133-002034","WRMSL","SECT9498511","111227511","","",""
"375","U1519","D","2","H","2","","75.9","6.579","6.476","1613","6.43","56.75","2018-04-21 13:15:16","NI-5133-002034","WRMSL","SECT9498511","111227511","","",""
"375","U1519","D","2","H","2","","77.9","6.599","6.495","1603","6.43","57.00","2018-04-21 13:15:16","NI-5133-002034","WRMSL","SECT9498511","111227511","","",""
"375","U1519","D","2","H","2","","79.9","6.619","6.514","1597","6.43","57.13","2018-04-21 13:15:16","NI-5133-002034","WRMSL","SECT9498511","111227511","","",""
"375","U1519","D","2","H","2","","81.9","6.639","6.533","1594","6.43","57.19","2018-04-21 13:15:16","NI-5133-002034","WRMSL","SECT9498511","111227511","","",""
"375","U1519","D","2","H","2","","83.9","6.659","6.552","1581","6.42","57.48","2018-04-21 13:15:16","NI-5133-002034","WRMSL","SECT9498511","111227511","","",""
"375","U1519","D","2","H","2","","85.9","6.679","6.571","1568","6.42","57.80","2018-04-21 13:15:16","NI-5133-002034","WRMSL","SECT9498511","111227511","","",""
"375","U1519","D","2","H","2","","87.9","6.699","6.590","1575","6.42","57.61","2018-04-21 13:15:16","NI-5133-002034","WRMSL","SECT9498511","111227511","","",""
"375","U1519","D","2","H","2","","89.9","6.719","6.609","1569","6.42","57.77","2018-04-21 13:15:16","NI-5133-002034","WRMSL","SECT9498511","111227511","","",""
"375","U1519","D","2","H","2","","91.9","6.739","6.629","1565","6.42","57.91","2018-04-21 13:15:16","NI-5133-002034","WRMSL","SECT9498511","111227511","","",""
"375","U1519","D","2","H","2","","93.9","6.759","6.648","1569","6.43","57.85","2018-04-21 13:15:16","NI-5133-002034","WRMSL","SECT9498511","111227511","","",""
"375","U1519","D","2","H","2","","95.9","6.779","6.667","1579","6.43","57.57","2018-04-21 13:15:16","NI-5133-002034","WRMSL","SECT9498511","111227511","","",""
"375","U1519","D","2","H","2","","97.9","6.799","6.686","1587","6.43","57.37","2018-04-21 13:15:16","NI-5133-002034","WRMSL","SECT9498511","111227511","","",""
"375","U1519","D","2","H","2","","99.9","6.819","6.705","1579","6.42","57.54","2018-04-21 13:15:16","NI-5133-002034","WRMSL","SECT9498511","111227511","","",""
"375","U1519","D","2","H","2","","101.9","6.839","6.724","1565","6.42","57.91","2018-04-21 13:15:16","NI-5133-002034","WRMSL","SECT9498511","111227511","","",""
"375","U1519","D","2","H","2","","103.9","6.859","6.743","1568","6.42","57.82","2018-04-21 13:15:16","NI-5133-002034","WRMSL","SECT9498511","111227511","","",""
"375","U1519","D","2","H","2","","105.9","6.879","6.762","1577","6.42","57.59","2018-04-21 13:15:16","NI-5133-002034","WRMSL","SECT9498511","111227511","","",""
"375","U1519","D","2","H","2","","107.9","6.899","6.781","1589","6.42","57.31","2018-04-21 13:15:16","NI-5133-002034","WRMSL","SECT9498511","111227511","","",""
"375","U1519","D","2","H","2","","109.9","6.919","6.800","1592","6.43","57.23","2018-04-21 13:15:16","NI-5133-002034","WRMSL","SECT9498511","111227511","","",""
"375","U1519","D","2","H","2","","111.9","6.939","6.820","1591","6.43","57.26","2018-04-21 13:15:16","NI-5133-002034","WRMSL","SECT9498511","111227511","","",""
"375","U1519","D","2","H","2","","113.9","6.959","6.839","1587","6.43","57.34","2018-04-21 13:15:16","NI-5133-002034","WRMSL","SECT9498511","111227511","","",""
"375","U1519","D","2","H","2","","115.9","6.979","6.858","1580","6.42","57.51","2018-04-21 13:15:16","NI-5133-002034","WRMSL","SECT9498511","111227511","","",""
"375","U1519","D","2","H","2","","117.9","6.999","6.877","1579","6.42","57.53","2018-04-21 13:15:16","NI-5133-002034","WRMSL","SECT9498511","111227511","","",""
"375","U1519","D","2","H","2","","119.9","7.019","6.896","1572","6.42","57.71","2018-04-21 13:15:16","NI-5133-002034","WRMSL","SECT9498511","111227511","","",""
"375","U1519","D","2","H","2","","121.9","7.039","6.915","1571","6.41","57.69","2018-04-21 13:15:16","NI-5133-002034","WRMSL","SECT9498511","111227511","","",""
"375","U1519","D","2","H","2","","123.9","7.059","6.934","1558","6.41","58.02","2018-04-21 13:15:16","NI-5133-002034","WRMSL","SECT9498511","111227511","","",""
"375","U1519","D","2","H","3","","6.9","7.419","7.278","1595","6.43","57.17","2018-04-21 13:23:07","NI-5133-002034","WRMSL","SECT9498541","111227711","","",""
"375","U1519","D","2","H","3","","8.9","7.439","7.297","1584","6.42","57.39","2018-04-21 13:23:07","NI-5133-002034","WRMSL","SECT9498541","111227711","","",""
"375","U1519","D","2","H","3","","10.9","7.459","7.316","1580","6.42","57.52","2018-04-21 13:23:07","NI-5133-002034","WRMSL","SECT9498541","111227711","","",""
"375","U1519","D","2","H","3","","12.9","7.479","7.335","1568","6.42","57.83","2018-04-21 13:23:07","NI-5133-002034","WRMSL","SECT9498541","111227711","","",""
"375","U1519","D","2","H","3","","14.9","7.499","7.354","1612","6.42","56.70","2018-04-21 13:23:07","NI-5133-002034","WRMSL","SECT9498541","111227711","","",""
"375","U1519","D","2","H","3","","16.9","7.519","7.373","1607","6.42","56.84","2018-04-21 13:23:07","NI-5133-002034","WRMSL","SECT9498541","111227711","","",""
"375","U1519","D","2","H","3","","18.9","7.539","7.392","1594","6.43","57.19","2018-04-21 13:23:07","NI-5133-002034","WRMSL","SECT9498541","111227711","","",""
"375","U1519","D","2","H","3","","20.9","7.559","7.412","1597","6.43","57.13","2018-04-21 13:23:07","NI-5133-002034","WRMSL","SECT9498541","111227711","","",""
"375","U1519","D","2","H","3","","22.9","7.579","7.431","1600","6.43","57.03","2018-04-21 13:23:07","NI-5133-002034","WRMSL","SECT9498541","111227711","","",""
"375","U1519","D","2","H","3","","24.9","7.599","7.450","1607","6.43","56.85","2018-04-21 13:23:07","NI-5133-002034","WRMSL","SECT9498541","111227711","","",""
"375","U1519","D","2","H","3","","26.9","7.619","7.469","1613","6.43","56.69","2018-04-21 13:23:07","NI-5133-002034","WRMSL","SECT9498541","111227711","","",""
"375","U1519","D","2","H","3","","28.9","7.639","7.488","1607","6.43","56.85","2018-04-21 13:23:07","NI-5133-002034","WRMSL","SECT9498541","111227711","","",""
"375","U1519","D","2","H","3","","30.9","7.659","7.507","1609","6.43","56.81","2018-04-21 13:23:07","NI-5133-002034","WRMSL","SECT9498541","111227711","","",""
"375","U1519","D","2","H","3","","32.9","7.679","7.526","1610","6.43","56.78","2018-04-21 13:23:07","NI-5133-002034","WRMSL","SECT9498541","111227711","","",""
"375","U1519","D","2","H","3","","34.9","7.699","7.545","1617","6.43","56.62","2018-04-21 13:23:07","NI-5133-002034","WRMSL","SECT9498541","111227711","","",""
"375","U1519","D","2","H","3","","36.9","7.719","7.564","1617","6.43","56.62","2018-04-21 13:23:07","NI-5133-002034","WRMSL","SECT9498541","111227711","","",""
"375","U1519","D","2","H","3","","38.9","7.739","7.583","1619","6.43","56.58","2018-04-21 13:23:07","NI-5133-002034","WRMSL","SECT9498541","111227711","","",""
"375","U1519","D","2","H","3","","40.9","7.759","7.602","1616","6.43","56.66","2018-04-21 13:23:07","NI-5133-002034","WRMSL","SECT9498541","111227711","","",""
"375","U1519","D","2","H","3","","42.9","7.779","7.622","1611","6.43","56.78","2018-04-21 13:23:07","NI-5133-002034","WRMSL","SECT9498541","111227711","","",""
"375","U1519","D","2","H","3","","44.9","7.799","7.641","1616","6.43","56.66","2018-04-21 13:23:07","NI-5133-002034","WRMSL","SECT9498541","111227711","","",""
"375","U1519","D","2","H","3","","46.9","7.819","7.660","1615","6.42","56.66","2018-04-21 13:23:07","NI-5133-002034","WRMSL","SECT9498541","111227711","","",""
"375","U1519","D","2","H","3","","48.9","7.839","7.679","1616","6.42","56.62","2018-04-21 13:23:07","NI-5133-002034","WRMSL","SECT9498541","111227711","","",""
"375","U1519","D","2","H","3","","50.9","7.859","7.698","1618","6.43","56.60","2018-04-21 13:23:07","NI-5133-002034","WRMSL","SECT9498541","111227711","","",""
"375","U1519","D","2","H","3","","52.9","7.879","7.717","1616","6.43","56.66","2018-04-21 13:23:07","NI-5133-002034","WRMSL","SECT9498541","111227711","","",""
"375","U1519","D","2","H","3","","54.9","7.899","7.736","1617","6.43","56.63","2018-04-21 13:23:07","NI-5133-002034","WRMSL","SECT9498541","111227711","","",""
"375","U1519","D","2","H","3","","56.9","7.919","7.755","1621","6.43","56.53","2018-04-21 13:23:07","NI-5133-002034","WRMSL","SECT9498541","111227711","","",""
"375","U1519","D","2","H","3","","58.9","7.939","7.774","1617","6.43","56.63","2018-04-21 13:23:07","NI-5133-002034","WRMSL","SECT9498541","111227711","","",""
"375","U1519","D","2","H","3","","60.9","7.959","7.793","1606","6.43","56.89","2018-04-21 13:23:07","NI-5133-002034","WRMSL","SECT9498541","111227711","","",""
"375","U1519","D","2","H","3","","62.9","7.979","7.812","1606","6.43","56.90","2018-04-21 13:23:07","NI-5133-002034","WRMSL","SECT9498541","111227711","","",""
"375","U1519","D","2","H","3","","64.9","7.999","7.832","1608","6.43","56.85","2018-04-21 13:23:07","NI-5133-002034","WRMSL","SECT9498541","111227711","","",""
"375","U1519","D","2","H","3","","66.9","8.019","7.851","1609","6.43","56.83","2018-04-21 13:23:07","NI-5133-002034","WRMSL","SECT9498541","111227711","","",""
"375","U1519","D","2","H","3","","68.9","8.039","7.870","1611","6.43","56.77","2018-04-21 13:23:07","NI-5133-002034","WRMSL","SECT9498541","111227711","","",""
"375","U1519","D","2","H","3","","70.9","8.059","7.889","1610","6.43","56.80","2018-04-21 13:23:07","NI-5133-002034","WRMSL","SECT9498541","111227711","","",""
"375","U1519","D","2","H","3","","72.9","8.079","7.908","1606","6.43","56.91","2018-04-21 13:23:07","NI-5133-002034","WRMSL","SECT9498541","111227711","","",""
"375","U1519","D","2","H","3","","74.9","8.099","7.927","1609","6.43","56.83","2018-04-21 13:23:07","NI-5133-002034","WRMSL","SECT9498541","111227711","","",""
"375","U1519","D","2","H","3","","76.9","8.119","7.946","1610","6.43","56.82","2018-04-21 13:23:07","NI-5133-002034","WRMSL","SECT9498541","111227711","","",""
"375","U1519","D","2","H","3","","78.9","8.139","7.965","1613","6.43","56.74","2018-04-21 13:23:07","NI-5133-002034","WRMSL","SECT9498541","111227711","","",""
"375","U1519","D","2","H","3","","80.9","8.159","7.984","1507","6.02","56.80","2018-04-21 13:23:07","NI-5133-002034","WRMSL","SECT9498541","111227711","","",""
"375","U1519","D","2","H","3","","82.9","8.179","8.003","1571","6.30","56.95","2018-04-21 13:23:07","NI-5133-002034","WRMSL","SECT9498541","111227711","","",""
"375","U1519","D","2","H","3","","84.9","8.199","8.022","1507","6.02","56.80","2018-04-21 13:23:07","NI-5133-002034","WRMSL","SECT9498541","111227711","","",""
"375","U1519","D","2","H","3","","86.9","8.219","8.042","1603","6.43","57.01","2018-04-21 13:23:07","NI-5133-002034","WRMSL","SECT9498541","111227711","","",""
"375","U1519","D","2","H","3","","88.9","8.239","8.061","1599","6.44","57.14","2018-04-21 13:23:07","NI-5133-002034","WRMSL","SECT9498541","111227711","","",""
"375","U1519","D","2","H","3","","90.9","8.259","8.080","1460","5.88","57.16","2018-04-21 13:23:07","NI-5133-002034","WRMSL","SECT9498541","111227711","","",""
"375","U1519","D","2","H","3","","92.9","8.279","8.099","1603","6.44","57.05","2018-04-21 13:23:07","NI-5133-002034","WRMSL","SECT9498541","111227711","","",""
"375","U1519","D","2","H","3","","94.9","8.299","8.118","1605","6.44","57.00","2018-04-21 13:23:07","NI-5133-002034","WRMSL","SECT9498541","111227711","","",""
"375","U1519","D","2","H","3","","96.9","8.319","8.137","1614","6.44","56.76","2018-04-21 13:23:07","NI-5133-002034","WRMSL","SECT9498541","111227711","","",""
"375","U1519","D","2","H","3","","98.9","8.339","8.156","1614","6.44","56.77","2018-04-21 13:23:07","NI-5133-002034","WRMSL","SECT9498541","111227711","","",""
"375","U1519","D","2","H","3","","100.9","8.359","8.175","1614","6.45","56.80","2018-04-21 13:23:07","NI-5133-002034","WRMSL","SECT9498541","111227711","","",""
"375","U1519","D","2","H","3","","102.9","8.379","8.194","1614","6.45","56.81","2018-04-21 13:23:07","NI-5133-002034","WRMSL","SECT9498541","111227711","","",""
"375","U1519","D","2","H","3","","104.9","8.399","8.213","1617","6.45","56.73","2018-04-21 13:23:07","NI-5133-002034","WRMSL","SECT9498541","111227711","","",""
"375","U1519","D","2","H","3","","106.9","8.419","8.232","1613","6.45","56.84","2018-04-21 13:23:07","NI-5133-002034","WRMSL","SECT9498541","111227711","","",""
"375","U1519","D","2","H","3","","108.9","8.439","8.252","1617","6.45","56.75","2018-04-21 13:23:07","NI-5133-002034","WRMSL","SECT9498541","111227711","","",""
"375","U1519","D","2","H","3","","110.9","8.459","8.271","1576","6.45","57.79","2018-04-21 13:23:07","NI-5133-002034","WRMSL","SECT9498541","111227711","","",""
"375","U1519","D","2","H","3","","112.9","8.479","8.290","1619","6.44","56.68","2018-04-21 13:23:07","NI-5133-002034","WRMSL","SECT9498541","111227711","","",""
"375","U1519","D","2","H","3","","114.9","8.499","8.309","1509","6.02","56.76","2018-04-21 13:23:07","NI-5133-002034","WRMSL","SECT9498541","111227711","","",""
"375","U1519","D","2","H","3","","116.9","8.519","8.328","1610","6.43","56.83","2018-04-21 13:23:07","NI-5133-002034","WRMSL","SECT9498541","111227711","","",""
"375","U1519","D","2","H","3","","118.9","8.539","8.347","1614","6.43","56.71","2018-04-21 13:23:07","NI-5133-002034","WRMSL","SECT9498541","111227711","","",""
"375","U1519","D","2","H","3","","120.9","8.559","8.366","1617","6.43","56.63","2018-04-21 13:23:07","NI-5133-002034","WRMSL","SECT9498541","111227711","","",""
"375","U1519","D","2","H","3","","122.9","8.579","8.385","1609","6.43","56.81","2018-04-21 13:23:07","NI-5133-002034","WRMSL","SECT9498541","111227711","","",""